x/h,node_label,x,y,PGA_h,PGA_v,PGA_h_smooth,PGA_v_smooth,peak_h_frame,peak_h_time,peak_v_frame,peak_v_time
0.000000,1,0.000000,300.000000,0.054454,0.014854,0.054454,0.014854,827,8.270000,826,8.260000
0.100000,27,10.000000,300.000000,0.055867,0.013827,0.055867,0.013827,827,8.270000,826,8.260000
0.200000,53,20.000000,300.000000,0.057142,0.013270,0.057142,0.013270,827,8.270000,825,8.250000
0.300000,79,30.000000,300.000000,0.058301,0.013330,0.058301,0.013330,827,8.270000,829,8.290000
0.400000,105,40.000000,300.000000,0.059401,0.013425,0.059401,0.013425,827,8.270000,829,8.290000
0.500000,131,50.000000,300.000000,0.060457,0.013443,0.060457,0.013443,827,8.270000,828,8.280000
0.600000,157,60.000000,300.000000,0.061476,0.013663,0.061476,0.013663,827,8.270000,827,8.270000
0.700000,183,70.000000,300.000000,0.062476,0.013969,0.062476,0.013969,827,8.270000,827,8.270000
0.800000,209,80.000000,300.000000,0.063476,0.014266,0.063476,0.014266,827,8.270000,826,8.260000
0.900000,235,90.000000,300.000000,0.064638,0.014554,0.064638,0.014554,828,8.280000,826,8.260000
1.000000,261,100.000000,300.000000,0.066074,0.014720,0.066074,0.014720,828,8.280000,826,8.260000
1.100000,287,110.000000,300.000000,0.067572,0.014905,0.067572,0.014905,828,8.280000,827,8.270000
1.200000,313,120.000000,300.000000,0.069094,0.015106,0.069094,0.015106,828,8.280000,827,8.270000
1.300000,339,130.000000,300.000000,0.070598,0.015330,0.070598,0.015330,828,8.280000,827,8.270000
1.400000,365,140.000000,300.000000,0.072049,0.015579,0.072049,0.015579,828,8.280000,827,8.270000
1.500000,391,150.000000,300.000000,0.073417,0.015942,0.073417,0.015942,828,8.280000,828,8.280000
1.600000,417,160.000000,300.000000,0.074683,0.016311,0.074683,0.016311,828,8.280000,828,8.280000
1.700000,443,170.000000,300.000000,0.075835,0.016549,0.075835,0.016549,828,8.280000,828,8.280000
1.800000,469,180.000000,300.000000,0.076869,0.016617,0.076869,0.016617,828,8.280000,828,8.280000
1.900000,495,190.000000,300.000000,0.077787,0.016486,0.077787,0.016486,828,8.280000,828,8.280000
2.000000,521,200.000000,300.000000,0.078599,0.016253,0.078599,0.016253,828,8.280000,827,8.270000
2.100000,547,210.000000,300.000000,0.079320,0.015927,0.079320,0.015927,828,8.280000,827,8.270000
2.200000,573,220.000000,300.000000,0.079972,0.015419,0.079972,0.015419,828,8.280000,827,8.270000
2.300000,599,230.000000,300.000000,0.080581,0.014729,0.080581,0.014729,828,8.280000,827,8.270000
2.400000,625,240.000000,300.000000,0.081174,0.013872,0.081174,0.013872,828,8.280000,827,8.270000
2.500000,651,250.000000,300.000000,0.081776,0.012883,0.081776,0.012883,828,8.280000,827,8.270000
2.600000,677,260.000000,300.000000,0.082401,0.011815,0.082401,0.011815,828,8.280000,827,8.270000
2.700000,703,270.000000,300.000000,0.083047,0.010745,0.083047,0.010745,828,8.280000,827,8.270000
2.800000,729,280.000000,300.000000,0.083689,0.009775,0.083689,0.009775,828,8.280000,827,8.270000
2.900000,755,290.000000,300.000000,0.084291,0.009884,0.084291,0.009884,829,8.290000,832,8.320000
3.000000,781,300.000000,300.000000,0.084731,0.010948,0.084731,0.010948,829,8.290000,831,8.310000
3.071429,807,307.142853,292.857147,0.084038,0.011830,0.084038,0.011830,828,8.280000,831,8.310000
3.214286,859,321.428558,278.571442,0.080608,0.014000,0.080608,0.014000,828,8.280000,830,8.300000
3.285714,885,328.571442,271.428558,0.077886,0.015184,0.077886,0.015184,828,8.280000,830,8.300000
3.357143,911,335.714294,264.285706,0.074741,0.016212,0.074741,0.016212,829,8.290000,830,8.300000
3.500000,963,350.000000,250.000000,0.067783,0.017503,0.067783,0.017503,829,8.290000,830,8.300000
3.571429,989,357.142853,242.857147,0.064129,0.017878,0.064129,0.017878,829,8.290000,831,8.310000
3.714286,1041,371.428558,228.571426,0.056870,0.018261,0.056870,0.018261,829,8.290000,831,8.310000
3.785714,1067,378.571442,221.428574,0.053304,0.017992,0.053304,0.017992,830,8.300000,832,8.320000
3.857143,1093,385.714294,214.285721,0.049724,0.017806,0.049724,0.017806,829,8.290000,832,8.320000
4.000000,1145,400.000000,200.000000,0.045245,0.015553,0.045245,0.015553,825,8.250000,833,8.330000
4.105263,1171,410.526306,200.000000,0.045491,0.013212,0.045491,0.013212,825,8.250000,834,8.340000
4.210526,1197,421.052643,200.000000,0.046202,0.011982,0.046202,0.011982,825,8.250000,835,8.350000
4.315789,1223,431.578949,200.000000,0.047034,0.011194,0.047034,0.011194,825,8.250000,835,8.350000
4.421053,1249,442.105255,200.000000,0.047918,0.010510,0.047918,0.010510,825,8.250000,836,8.360000
4.526316,1275,452.631592,200.000000,0.048801,0.009807,0.048801,0.009807,825,8.250000,836,8.360000
4.631579,1301,463.157898,200.000000,0.049637,0.009353,0.049637,0.009353,825,8.250000,837,8.370000
4.736842,1327,473.684204,200.000000,0.050393,0.008894,0.050393,0.008894,825,8.250000,838,8.380000
4.842105,1353,484.210541,200.000000,0.051045,0.009388,0.051045,0.009388,825,8.250000,709,7.090000
4.947368,1379,494.736847,200.000000,0.051583,0.009903,0.051583,0.009903,825,8.250000,709,7.090000
4.956303,1380,495.630310,192.000000,0.050829,0.009943,0.050829,0.009943,825,8.250000,709,7.090000
5.052632,1405,505.263153,200.000000,0.052014,0.010429,0.052014,0.010429,825,8.250000,710,7.100000
5.157895,1431,515.789490,200.000000,0.052359,0.010854,0.052359,0.010854,825,8.250000,710,7.100000
5.263158,1457,526.315796,200.000000,0.052646,0.011132,0.052646,0.011132,825,8.250000,711,7.110000
5.368421,1483,536.842102,200.000000,0.052909,0.011543,0.052909,0.011543,825,8.250000,711,7.110000
5.473684,1509,547.368408,200.000000,0.053176,0.011685,0.053176,0.011685,825,8.250000,711,7.110000
5.578947,1535,557.894714,200.000000,0.053731,0.011953,0.053731,0.011953,826,8.260000,712,7.120000
5.684211,1561,568.421082,200.000000,0.054273,0.012051,0.054273,0.012051,826,8.260000,712,7.120000
5.789474,1587,578.947388,200.000000,0.054800,0.011893,0.054800,0.011893,826,8.260000,712,7.120000
5.894737,1613,589.473694,200.000000,0.055324,0.011641,0.055324,0.011641,826,8.260000,713,7.130000
6.000000,1639,600.000000,200.000000,0.055846,0.011285,0.055846,0.011285,826,8.260000,713,7.130000
6.105263,1665,610.526306,200.000000,0.056360,0.010836,0.056360,0.010836,826,8.260000,750,7.500000
6.210526,1691,621.052612,200.000000,0.056847,0.010720,0.056847,0.010720,826,8.260000,751,7.510000
6.315789,1717,631.578918,200.000000,0.057275,0.010704,0.057275,0.010704,826,8.260000,827,8.270000
6.421053,1743,642.105286,200.000000,0.057608,0.010979,0.057608,0.010979,826,8.260000,826,8.260000
6.526316,1769,652.631592,200.000000,0.057803,0.011498,0.057803,0.011498,826,8.260000,826,8.260000
6.631579,1795,663.157898,200.000000,0.057823,0.012103,0.057823,0.012103,826,8.260000,826,8.260000
6.736842,1821,673.684204,200.000000,0.057642,0.012755,0.057642,0.012755,826,8.260000,826,8.260000
6.842105,1847,684.210510,200.000000,0.057249,0.013407,0.057249,0.013407,826,8.260000,826,8.260000
6.947368,1873,694.736816,200.000000,0.056652,0.014091,0.056652,0.014091,826,8.260000,827,8.270000
6.950449,1874,695.044922,192.000000,0.055876,0.014179,0.055876,0.014179,826,8.260000,826,8.260000
7.052632,1899,705.263184,200.000000,0.056177,0.014872,0.056177,0.014872,827,8.270000,827,8.270000
7.157895,1925,715.789490,200.000000,0.055784,0.015619,0.055784,0.015619,827,8.270000,827,8.270000
7.263158,1951,726.315796,200.000000,0.055285,0.016421,0.055285,0.016421,827,8.270000,828,8.280000
7.368421,1977,736.842102,200.000000,0.054720,0.017408,0.054720,0.017408,827,8.270000,828,8.280000
7.473684,2003,747.368408,200.000000,0.054127,0.018396,0.054127,0.018396,827,8.270000,828,8.280000
7.578947,2029,757.894714,200.000000,0.053540,0.019426,0.053540,0.019426,827,8.270000,829,8.290000
7.684211,2055,768.421082,200.000000,0.052978,0.020652,0.052978,0.020652,827,8.270000,829,8.290000
7.789474,2081,778.947388,200.000000,0.052521,0.021838,0.052521,0.021838,828,8.280000,829,8.290000
7.894737,2107,789.473694,200.000000,0.052485,0.022952,0.052485,0.022952,828,8.280000,829,8.290000
8.000000,2133,800.000000,200.000000,0.052513,0.023425,0.052513,0.023425,828,8.280000,829,8.290000
